"","allData.nest","allData.NOTES","allData.cam_notes","allData.new_notes"
"1","30001","May 19: no starring seen, didn't handle eggs. no parents in the area. May 26: no eggs in nest, parents are acting very territorial. likely hatched June 6: father in area acting territorial",NA,NA
"2","30003",NA,NA,NA
"3","30004",NA,NA,NA
"4","30005","May 16: 1 egg left in nest, parents were acting territorial. May 19: no eggs left in nest, parents territorial but no chicks located. 5/22: two chicks seen in area running around",NA,NA
"5","30006",NA,NA,NA
"6","30007",NA,NA,NA
"7","30008","washed out from rain; possibly buried by a couple inches of sand accumulation",NA,NA
"8","30009","very nearly run over by vehicles",NA,NA
"9","30010",NA,NA,NA
"10","30011",NA,NA,NA
"11","30012",NA,NA,NA
"12","30013",NA,NA,NA
"13","30014",NA,NA,NA
"14","30015",NA,NA,NA
"15","30016",NA,NA,NA
"16","30017",NA,NA,NA
"17","30018",NA,"marked in GPS as having a camera - this may be the mystery May nest? Camera date is set one day early?",NA
"18","30019",NA,NA,NA
"19","30020",NA,NA,NA
"20","30021","20 May: nest washed away",NA,NA
"21","30022","storm surge",NA,NA
"22","30023","washed out from rain; possibly buried by a couple inches of sand accumulation",NA,NA
"23","30024","the nest was scheduled to hatch, but no chicks seen. could have washed away, as there was no scrape left and the whole area was saturated",NA,NA
"24","30025",NA,NA,NA
"25","30026",NA,NA,NA
"26","30027",NA,NA,NA
"27","30028",NA,NA,NA
"28","30029","coyote tracks seen, but likely washed out",NA,NA
"29","30030","19 May: no eggs seen but could have hatched",NA,NA
"30","30031",NA,NA,NA
"31","30032",NA,NA,NA
"32","30033",NA,NA,NA
"33","30034",NA,NA,NA
"34","30035",NA,NA,NA
"35","30036",NA,NA,NA
"36","30037",NA,NA,NA
"37","30038","6/21: 1-4 days old (9.7g, 7.6g). 6/30: 2 chicks, banded and weighed; est hatch may be off?","was this one accidentally marked as having a camera?",NA
"38","30039",NA,NA,NA
"39","30040",NA,NA,NA
"40","30041",NA,NA,NA
"41","30042",NA,NA,NA
"42","30043",NA,NA,NA
"43","30044","coyote tracks in area, but could have hatched",NA,NA
"44","30045",NA,NA,NA
"45","30046","could have hatched or washed out from heavy rain events",NA,NA
"46","30047","could have hatched or washed out from heavy rain events",NA,NA
"47","30048","could have hatched or washed out from heavy rain events",NA,NA
"48","30049","nest stick was knocked out, but coyote tracks were in the area",NA,NA
"49","30050",NA,NA,NA
"50","30051","nest stick was knocked out, probably by coyote",NA,NA
"51","30052",NA,NA,NA
"52","30053",NA,NA,NA
"53","30054",NA,NA,NA
"54","30055",NA,NA,NA
"55","30056",NA,NA,NA
"56","30057","scat found in nest cup!",NA,NA
"57","30058",NA,NA,NA
"58","30059","unknown reason for failure, no evidence seen",NA,NA
"59","30060","could have hatched or washed out from heavy rain events",NA,NA
"60","30061","washout from heavy rain events",NA,NA
"61","30062","possibly hatched, but there were also coyote tracks in the area",NA,NA
"62","30063","6/14: nest run over",NA,NA
"63","30064",NA,NA,NA
"64","30065",NA,NA,NA
"65","30066",NA,NA,NA
"66","30067",NA,NA,NA
"67","30068","lots of coyote tracks/activity in the area where the cup was. Was old enough to hatch, but I think coyotes got the chicks due to the track behavior",NA,NA
"68","30069","6/21: 1 chick, 1d old, 1 egg left in area but displaced from scrape",NA,NA
"69","30070",NA,NA,NA
"70","30071","unknown cause of failure :(",NA,NA
"71","30072",NA,NA,NA
"72","30073","DNL = did not locate. unknown nest fate because was unable to relocate nest",NA,NA
"73","30074","parental behavior 7/3 during stewardship and on 7/6. Possibly a 2nd chick hatched a day or 2 prior?",NA,NA
"74","30075","could have hatched or washed out from heavy rain events",NA,NA
"75","30076","washout from heavy rain events",NA,NA
"76","30077","could have hatched or washed out from heavy rain events",NA,NA
"77","30078","could have hatched or washed out from heavy rain events",NA,NA
"78","30079","washout from heavy rain events",NA,NA
"79","30080","washout from heavy rain events",NA,NA
"80","30081",NA,NA,NA
"81","30082",NA,NA,NA
"82","30083",NA,NA,NA
"83","30084",NA,NA,NA
"84","30085","could have hatched but no confirmed chick sighting",NA,NA
"85","30086",NA,NA,NA
"86","30087",NA,NA,NA
"87","30088",NA,NA,NA
"88","30089","could have hatched, no evidence of disturbance",NA,NA
"89","30090","could have hatched!",NA,NA
"90","30091",NA,NA,NA
"91","30092",NA,NA,NA
"92","30093","6/26: no eggs, but very likely could have hatched, saw no evidence of failure",NA,NA
"93","30094","fate unknown. never floated so hatch date unknown. no chicks seen in area but very difficult to confirm at this site",NA,NA
"94","30095",NA,NA,NA
"95","30096","coyote tracks on 7/12","changed fate to D based on field photos",NA
"96","30097",NA,"could be mystery july nest - cam listed as being placed on 12 or 13 july","in GPS as having cam"
"97","30098",NA,NA,NA
"98","30099",NA,NA,NA
"99","30100","3 May: parents weren't in area upon searching, debris was washed up and no eggs were found by popsicle stick",NA,NA
"100","30101","19 May: no eggs seen but could have hatched",NA,NA
"101","30102",NA,NA,NA
"102","30103",NA,NA,NA
"103","30104",NA,"slightly unclear, probably coyote",NA
"104","30105",NA,NA,NA
"105","30106","no popsicle stick located; no eggs seen in area",NA,NA
"106","30107","no popsicle stick located; no eggs seen in area",NA,NA
"107","30108","popsicle stick was washed out of the sand; no eggs seen in general area",NA,NA
"108","30109",NA,NA,NA
"109","30110","6/3: hatch date, but no eggs or chicks seen. no evidence of being run over or predators.",NA,NA
"110","30111",NA,NA,NA
"111","30112","6/3: nest run over",NA,NA
"112","30113",NA,NA,NA
"113","30114",NA,NA,NA
"114","30115","U, but possibliy hatched, no evidence of predation or other disturbance",NA,NA
"115","30116",NA,NA,NA
"116","30117",NA,NA,NA
"117","30118",NA,NA,NA
"118","30119","possibly depredated by coyote, but uncertain",NA,NA
"119","30120","U, but possibliy hatched, no evidence of predation or other disturbance",NA,NA
"120","30121","6/10: nest run over",NA,NA
"121","30122",NA,"something triggers camera the night of 6/19 but it's not in the pictures",NA
"122","30123",NA,NA,NA
"123","30124","6/21: 7-8 days old (19.9g, 16.7g). 7/5: no chicks seen but adult was doing chick click. 7/8 adults were around but not territorial","parents and chicks moved right in front of camera - very cool",NA
"124","30125","6/21: no eggs found but parents acting very territorial, possibly chicks in area",NA,NA
"125","30126","possibly hatched, uncertain",NA,NA
"126","30127",NA,NA,NA
"127","30128",NA,NA,NA
"128","30129","6/18: nest stick gone, but no evidence of tracks in area",NA,NA
"129","30130","likely hatched, as it was past the hatch date and had no evidence of depredation/other disturbance",NA,NA
"130","30131",NA,NA,NA
"131","30132","unknown reason for failure, no evidence seen",NA,NA
"132","30133","could have hatched, but uncertain","never found camera data",NA
"133","30134","coyote tracks were in the area but could have hatched",NA,NA
"134","30135",NA,NA,NA
"135","30136","no tracks seen, uncertain failure","never found camera data","also no mention in field notes/GPS"
"136","30137","field photos 7/12 show coyote tracks; could have hatched, but uncertain; changed fate to D based on field photos","never found camera data","also no mention in field notes/GPS"
"137","30138","6/3: no tern parents around. human footprints and ?dog? prints. so it seems it failed due to human disturbance, either stepped on by dog or human",NA,NA
"138","30139",NA,NA,NA
"139","30140","unknown cause of failure, no tracks seen","camera data to support?","also no mention in field notes/GPS"
"140","30141","fate unknown. could have hatched, but very difficult to confirm chicks at this site",NA,NA
"141","30142",NA,NA,NA
"142","30143","7/21: nest stick knocked out, most likely run over","camera data to support?","mystery july nest? No mention in field notes or GPS"
"143","30300",NA,NA,NA
"144","30301","7/13: chick about 1 day old :), 7/8: one egg vertical at bottom, one egg floating just under surface","coyote after hatch?","notes claim there is a cam"
"145","30302",NA,NA,"also no mention in field notes/GPS"
"146","30303",NA,NA,NA
"147","30304",NA,NA,NA
"148","30305","changing to F based on est hatch date","mystery july nest? NOT IN NOTES AS HAVING CAMERA","coyote night of 7/18, 7/19, and 7/20"
"149","30306",NA,NA,NA
"150","30307","could have hatched, but no evidence seen",NA,NA
"151","30308",NA,NA,NA
"152","30309","cam Y, 7/17: 2E, both floating above with tops out of the surface","coyote after hatch","notes claim there is a cam"
"153","30310","any field notes for this one? Possible hatch evidence?",NA,NA
"154","30311",NA,NA,NA
"155","30312","7/18: 2E both about vertical on the bottom. 2023 changing to F based on hatch date","mystery nest?",NA
"156","30313",NA,NA,NA
"157","30314",NA,NA,NA
"158","30315","nest stick missing on 7/30 visit. unknown if hatched between visits",NA,NA
"159","30316","Only one chick in nest. No sign of second egg or chick.",NA,NA
"160","30317","Two chicks had hatched on the 9th, third and fourth eggs hatched some time between the 9th and 12th.",NA,NA
"161","30318","All 3 chicks alive and hiding in grass just north of nest cup on Aug 30th",NA,NA
"162","30319","8/19- nest went from 3E to 1E between visits 8/23-nest empty with 2 large ghost crab burrows",NA,NA
"163","30400",NA,NA,NA
"164","30401","likely hatched, but cannot confirm",NA,NA
"165","30402","likely hatched, but cannot confirm",NA,NA
"166","30403",NA,NA,NA
"167","30404",NA,NA,NA
"168","30405",NA,NA,NA
"169","30406",NA,NA,NA
"170","30420",NA,"IMAG0388- unclear what happened, but no eggs visible after that",NA
"171","30421","6/26: parents still in area, no chicks seen but suspected","coyote - no sign of hatch first",NA
"172","30432","unknown hatch date and no evidence, so unknown fate",NA,NA
"173","30433","not floated, no evidence of disturbance. best guess is it hatched or washed out.",NA,NA
"174","30434","7/6: found just outside fencing along the front",NA,NA
"175","30435","7/6: found just outside fencing along the front",NA,NA
"176","30436",NA,NA,NA
"177","30437","2 chicks - how old?",NA,NA
"178","30438",NA,NA,NA
"179","30555","discovered with 1E, 1C","chick cam - was not found until hatch","depredated first night after setting up cam"
"180","30901","when was there a storm that might have washed out nest?  Looks like there was one 18-may and 29-may, so fate doesn't make sense","still know it failed. camera?","notes claim there is a cam"
"181","30902","5/26: 0E but likely hatched; male is wing booming and very territorial. 6/1: parents are still around but no chicks locate",NA,NA
"182","30903",NA,"mystery may nest! Camera set one day early Coyote got it","notes claim there is a cam"
"183","30904","washout from rain: vehicle tracks still visible","still know it failed.which folder did I think was this? Why did I think it couldn't actually be 104? Start 14 may, not 11 may","notes claim there is a cam"
"184","30905","washout from rain: vehicle tracks still visible","camera?","notes claim there is a cam"
"185","30906",NA,"Found, I think. Not very clear what happened, but bird never seen. Camera triggers a couple of times before it's picked up, but nothing in photos",NA
"186","30907","26 May: how old were chicks??? June 3: no chicks in area. June 6: no chicks or parents, failed fledge",NA,NA
"187","30908","6/14 - no eggs, no sign of chicks or adults. fate was empty but orange means failed?",NA,NA
"188","30909","fate was marked as 5/26; changed to 6/3 based on field photos","camera shows depredation AFTER hatch; still counts as hatchthis may have been chick camcoyote on nights 1 and 2. doesn't look like bird came back. Double check when camera was deployed",NA
"189","30910",NA,NA,"notes claim there is a cam"
"190","30911",NA,"coyote in early morning after it's light out - double check when cam deployed","bird still incubating on 02-jun; coyote aroun midnight on 03-junl"
"191","30912","6/3: run over","too bright to see nest, then coyote on night of 5/30. could have been run over before then - really too far away to tell",NA
"192","30913","any notes on predator? COYOTE TRACKS NEAR NEST CUP",NA,NA
"193","30914",NA,"unclear what happened after DSCF0148","looks like a coyote in DSCF0149"
"194","30915",NA,"coyote",NA
"195","30916",NA,"bird is alarmed on 6/2, in frame on 6/6, no incubation seen after 6/1",NA
"196","30917","U, but possibliy hatched, no evidence of predation or other disturbance","6/13: 2-3d chick (MFDC2319); hatch date seems early given float",NA
"197","30918","chicks-how old??",NA,NA
"198","30919",NA,"nest probably abandoned before I put out camera",NA
"199","30920",NA,"I don't see the bird in the photos. Coyote on 2nd night",NA
"200","30921",NA,"coyote first night","stick definitely says 921"
"201","30922",NA,"check cam for hatch date",NA
"202","30923","more field observations??","notes say no cam",NA
"203","30924","found an egg with top neatly cut off: hatched. there was a plastic bag over the area where the chicks/eggs would have been","changed fate to hatch since that's what notes said; check camera for real hatch date","garbage bag nest cam?"
"204","30925","6/21: 5-6 days old (23.5g, 7.6g). 6/30. no chicks seen",NA,NA
"205","30926","6/7: eggshells found in area","vehicle? Coyote? First night after cam placed",NA
"206","30927",NA,"coyote first night","stick is somewhat unclear; thought it looked like 927"
"207","30928","6/26: no eggs, but parents are being very territorial, so it is suspected to have successfully hatched","where are these photos","field notes claim there was a cam"
"208","30929",NA,"coyote, night 2",NA
"209","30930","DNL = did not locate, vegetation was very high. 6/26: no eggs, but parents were very territorial so likely hatched","where are these photos",NA
"210","30931","6/7: run over",NA,"notes claim there is a cam"
"211","30932","6/10 adults yelling. check field notes for fate/nest history","any nest w/o float - harder to classify in field; was also more likely as season progressed; need to mention confounding factors and how I dealt with them","notes claim there is a cam, then it was moved to nest 937 w/ same SD card on 10-jun"
"212","30933","field notes from 6/18? Was the camera already on 933 and repositioned? Time is within 2 minutes, must be same nest or right nearby","can't see bird on camera, very few pics","which nest is before 933 on mem card?"
"213","30934","est hatch of 6/30 makes no sense! Notes from 18 jun say 1E incubated. bird incubating from ""1/27"" to ""2/7""; 6/26. very high vegetation and was unable to locate nest. did not see adults in the area. 2023 changing fate to F bc of hatch date","found on 3 jun or 10 jun??? Eggs ~11 days when found. Cleared obs from 3 and 7 jun based on field notes/GPS. looks like bird abandoned based on lack of activity for > 1 day at end; maybe 1 egg could have hatched but would have seen adults nearby afterwards?","camera starts ""1/27"" at 14:37; bird still there on 2/7 (21 jun) at 18:11; then nothing triggers until I pick up cam on 2/9 (23 jun) at 14:34"
"214","30935","I have no pics of 935 from 6/23 at all… nopics of chicks? If there were chicks i would have pics? 7/26: saw 2 fledges at nest site. estimated 80,60 from field photo - not far off","found 10 jun? eggs 45 degrees. does camera show hatch? Female is behind popsicle and veg, a little to the right","check float info! WERE THE CHICKS SEEN BEFORE 6/30??"
"215","30936","field obs?",NA,NA
"216","30937","notes on 18 jun say 1 chick probably 937; also hatched egg shell near nest HOW OLD","never found camera data","field notes claim there was a cam, moved from 932"
"217","30938","6/14- empty but adults screaming/diving. check cam","camera not close enough? Plus too bright. Unclear what is going on. Adults with fish in multiple pictures, but hard to tell where nest is. CHICK IN PHOTO ON 6/11?","STICK NOT CLEAR IN PHOTOS-why labeled 938? my notes say 2E on 6/14; oh, i guess there were 2 938 nests"
"218","30939","listed as ""2 chicks"" on 6/30. field notes? I think it's a lete nest",NA,NA
"219","30940","6/21: no eggs, but parents acting extremely territorial","baby in pic IMAG2225",NA
"220","30941","should be 3 eggs? chicks found, nest not tracked? there is a camera on the nest I believe - yes, see field photo from 10 Jun","FOUND i think. Unless it's 937. but looks like there are 3 chicks and i would have seen them in the field…","i think this is the mystery LETE nest on the toshiba; based on dates on videos, needs to be after 927 and before 959 (starts after day 68 and ends before day 84)"
"221","30942","field obs?","never found camera data","actually 420 according to notes"
"222","30944",NA,"notes say no cam",NA
"223","30945","coyote tracks nearby on 18 jun; changed field fate to D","coyote","found on corrupted card (G)"
"224","30946","cam H","hatch happens in the perfect window to be unobserved; bird appears to be feeding chicks on 6/28 and 6/29; hard to tell what happened - look around IMAG4132","check when hatch date was"
"225","30947","field obs?",NA,NA
"226","30948","fate was empty; notes say no fate clues","not in notes as having cam",NA
"227","30949","6/21: 1-4 days old (12.9g, 7.6g). 6/30: 2 chicks banded and weighed. 7/5: no chicks seen but parents were in the area","coyote goes by on 6/17 and somehow doesn't notice them? In tall grass, maybe that helped",NA
"228","30950","7/1- adults screaming/diving - hatch?","01-jul is well after nest was 0E coyote fifth (?)night of camera cam A; also photos of WIPL chicks! Nest nearby?",NA
"229","30951","is this the photo from 6/14 in google? Was i in the field on 21 jun?","pretty sure this is 951 bc the flower matches the field photo","stick not clear - why was this labeled 951? Left cam there until 30 jun?"
"230","30953","look for field observations","double check cam left in area later",NA
"231","30954","is wrack ground cover or not? See field photos","20 Jun bird moves closer to camera, off of nest area - chicks?",NA
"232","30955","no signs 6/30 - may have been run over later, changed to U. run over, vehicle tracks going through nesting area","unclear what happened - incubating 6/27, then two empty photos on 6/28, then nothing triggers until I collect cam on 6/30 - maybe abandoned? Or abandoned after run over, which would be Hu I guess","WHAT ARE CAM NOTES REFERRING TO? Doesn't match pics, which show coyote on 18-jun. changed cam_fate back to Hu from A. found on corrupted card (G). Don't think float info found; changed HD back to NA"
"233","30956","6/26: chicks weighed 14.8g, 11.6g, 1-4 days old. 7/9 adults in area peenting but not super territorial. maybe just have older chick","any obs before chicks? 1m cov was 70, changed to 60 based on photo","listed as having camera? Yes, in notes"
"234","30957","6/23-adults scream, no chicks or egg shell seen","never found camera data","unclear whether cam or not"
"235","30958","1C, 1E, abandoned? egg has shell stuck to it, but chick in picture 4 min later",NA,"cam from 937"
"236","30959","first listed in gaiaf on 6/30 but mraked in spreadsheet on 6/23ate was empty","cam starts ""1/17/2013"" ""17:36""; baby flopping around ""2/1"" at ""18:28"" ; tiny baby being fed on ""2/1""",NA
"237","30960","Any field obs on or after 7/5?? I was not there? paw prints  on 7/13 in field photos; may have happened after last obs. possible hatch or wash out, don't know expected hatch date. [COORDINATES INCORRECT WHEN DOING QA/QC]","was cam deployed after nest found? inconclusive camera? Starts on ""2/9"" 15:37; coyote that night right near stick, but bird appears to go back to incubating; photo incubating 2/11 at 19:44; near scrape 2/12 22:23; then nothing, then lots of vehicles go by and bird returns one more time before cam stops on 1/13 at 2am. Did camera die?","also feeding a fledgling from a previous bnest? Removed hatch date bc float info never found i don't think"
"238","30961","no signs of fail or hatch on 6/30. changed veg from 10 to 5 based on field photo possible hatch or wash out, don't know expected hatch date. [COORDINATES INCORRECT WHEN DOING QA/QC]","Coyote first night",NA
"239","30962","changed fate from U to H based on 13 Jul obs",NA,"est hatch was marked as 6/28 which makes no sense; in GPS as having camera"
"240","30963","info and dates for 960-963 are from GPS - double check the date/time; verified some with field photos","6/27: chick IMAG1060 - 2-3d?","also look at posture of brooding female - definitely chicks 26 jun; egg visible midday 25 jun"
"241","30965","check field notes for fate/nest history","ACTUALLY LOOKS ABANDONED. coyote","found on corrupted card (G). Don't think float info found - changed HD back to NA"
"242","30966","other field notes? 7/5: female was in area acting territorial, but couldn't find anything and there were vehicle tracks everywhere. nest assumed run over","never found camera data","unclear whether cam or not"
"243","30967","check field notes for fate/nest history","cam J - never found camera data","notes claim there is a cam"
"244","30969","check field notes for fate/nest history","never found camera data","notes claim there is a cam"
"245","30970","didn’t look like that much  veg in field photo; changing to F based on est hatch date","those were photos of another nest. 970 stops abruptly on 7/3 - batteries? Or more pics somewhere?. inconclusive? Cannot see bird in pics - why did I say I couldn't see the bird? It's just off center","was it pulled before july 4th? fate inconclusive"
"246","30971","est hatch date was changed to 7/16 by ""splitting the difference"" but doesn't make sense and doesn't matter anyway","camera is too high I think; failed based on est hatch? Or was that one just estimated after?","can see bird but cam stops abruptly on 7/5 anyway"
"247","30973","my phone says this nest is @ holly beach","check field notes for fate/nest history","notes claim there is a cam"
"248","30974","check field notes for fate/nest history","coyote on night of 7/16","why is it marked 0E on 18-jul? i wasn't there, and it wasn;t in the spreadsheet"
"249","30975","check field notes for fate/nest history","never found camera data","could also be mystery july nest; not in notes as having camera"
"250","30976","check field notes for fate/nest history","never found camera data","not in notes as having camera"
"251","30977","check field notes for fate/nest history","never found camera data","not in notes as having camera"
"252","30978","field obs?","cam F; did not find pics","in GPS as having cam"
"253","30979","check field notes for fate/nest history","camera does not detect anything until return on 7/23",NA
"254","30980","COORDS INCORRECT7/23- 0E, no nest cup, no tracks or eggshell","cam A","why depredated???"
"255","30981",NA,"cam K; pics show disturbance night of 7/30",NA
"256","30982","cam z; nest could be 1E bc late in season",NA,"field notes claim there was a cam"
"257","30983",NA,"not listed in notes or GPS?7/26 - recording stops at 10:32 w/ camera temp at 134 degrees - maybe overheated?","ok, maybe never lost these pics? All photos are in the camG disk image on mypassport. Some aare in dissertation field_data"
"258","30984","ANY FIELD OBS?? nest could be 1E bc late in season",NA,"in GPS as having cam"
"259","30985","ANY FIELD OBS??",NA,"in GPS as having cam"
"260","30986","notes from 7/28: 0E, coyote tracks, changed SD card.. field photo from 7/23? Chicks in photo from 7/28?",NA,NA
"261","30987","where are the coordinates? I'm holding a '987' stick earlier in the footage from the camera","coyote got them - before or after hatch?","not in notes"
"262","3total hatch",NA,NA,NA
"263","3NA",NA,NA,NA
"264","39802",NA,NA,NA
"265","300AA","found during hatch",NA,NA
"266","300AB","chicks found, nest not tracked?",NA,NA
"267","3NA",NA,NA,NA
"268","3NA",NA,NA,NA
"269","30984","if these don't have field obs, is there even a point to including them?",NA,NA
"270","30985",NA,NA,NA
"271","30986",NA,"mysteries:",NA
"272","3NA","207 nests for CONI/LETE on RUTH","plastic bag cam - placed 6/14, falls down a bit 6/15","probably 924?"
"273","3NA","64 with cam -or 58?","nest with cam set on 5/10, coyote on 5/11","nest 018? Probably more like to be 903?"
"274","3NA","2 (?) without cam fate, plus 10 without age (of remaining nests)","unknown LETE cam on same card as 945, 955, 965. 22july to 26 july, still incubating- cam died? Card full? Looks like it overheated after prolonged time at 134 degrees","looks like it's 983 - or 984? Can see stick? Doesn't matter anyway since we can't use it"
"275","3NA","unknown LETE nest video - starts 1/9 at 15:20;  ends 1/17 at 13:00 - she has babies! 941? 937?","13 jul to 23 jul","305?"
"276","3NA",NA,"4.5 days, unknown date, CONI, looks like RUTE? July based on flower color?","nest 55555? Where did i find the photos?"
"277","3NA",NA,NA,NA
"278","3NA",NA,NA,NA
"279","3NA","6/15/25 fixed CONI est hatch dates","camU and 322 have corrupted jpgs I can't view",NA
"280","3NA",NA,NA,NA
"281","3NA","cam location (not sure which):","pulled cam--no nest stick","Wpt 7/1/21 08:43:03"
"282","3NA","29.764311","-93.107991","29.75623"
"283","3NA","-93.147853",NA,NA
"284","3NA",NA,NA,NA
"285","3NA","cam Y (7/23):","also listed in GPS as having camera:",NA
"286","3NA","-93.105768","984, 985, 973, 097, 978",NA
"287","3NA","29.755387",NA,NA
"288","3NA",NA,"map coords confirmed as having camera:",NA
"289","3NA",NA,"946, 104, 124, 309, 903, 018, 950, 960, 961, 963, 974, 979, 981,301, 97, 980, 962, 970, 982, 984,",NA
"290","3NA",NA,NA,NA
"291","3NA","jun 2025:","listed in field notes as having camera:",NA
"292","3NA","checked fate dates for hatched nests","909, 910, 911, 912, 914, 915, 916, 919, 918, 920, 922(cam from 104), 926, 929","941?? 305??"
"293","3NA",NA,"915 listed as having previous nest photos on card",NA
"294","3NA",NA,NA,NA
"295","3NA","5/11 with missing photos are H fate",NA,NA
"296","3NA","23/60 of all cam nests are H fate",NA,NA
"297","20001","no sign of predator.no adults present. Severe storms on 4/29. popsicle stick still present.",NA,NA
"298","20002","4/30 female captured at nest (box trap) 13:40 and banded. 5/4 nest was run over by vehicle, nest stick crunched, no adults present.",NA,NA
"299","20003","all eggs floated almost vertical on the bottom (9 day egg). All eggs hatched and chicks banded",NA,NA
"300","20004","certain the female is unbanded but not sure if P9 is the male",NA,NA
"301","20005",NA,NA,NA
"302","20006",NA,NA,NA
"303","20007",NA,NA,NA
"304","20008",NA,NA,NA
"305","20009",NA,NA,NA
"306","20200","5/27 - 2 chicks","BFTP21703278. changed SD card on 5/13, 5/18",NA
"307","20201","Chicks hatched ~27 May. Egg shell fragments and poop in cup.",NA,NA
"308","20202","Chick in neset cup",NA,NA
"309","20203","25 May- hatch day, 1 chick and 2nd egg hatching in progress.",NA,NA
"310","20204","egg shell nearby indicating hatch. no chicks found","B180301867 (Personal Cam).changed SD card on 5/13, 5/18; hard to tell what happened from the camera - estimated hatch date",NA
"311","20205","Two chicks in cup 27 May, 3rd chick in cup 28 May",NA,NA
"312","20206","chick behavior, parents squawking. adults seen in veg brooding chick. Signs point to hatch.",NA,NA
"313","20207","no sign of predation. ants in darkened circle believed to be the old nest cup. popsicle stick fell over. possible fail due to vehicle, but no fresh tracks present but nest is located close to road.",NA,NA
"314","20208","no sign of predation, possibly vehicle, several tire tracks directly through where nest was, stick was crushed and burried along with nest area. No evidence of eggshells or nest",NA,NA
"315","20209","Area was void of stick or nest cup, no sign of eggs or shells. Cattle tracks through area, but they looked old",NA,NA
"316","20210","No sign of nest cup or eggs, stick was found washed out 1-2 feet away",NA,NA
"317","20211","Replaced stick that was missing on 15 May. Cattle trampled through cup area",NA,NA
"318","20212","Cattle trampled through cup area",NA,NA
"319","20213","Nest cup and stick undisturbed. Cattle tracks in area destroyed possible tracks",NA,NA
"320","20214","No sign of eggs or cup, stick place in proximate location of cup. Storm on 14 May possibly washed out nest",NA,NA
"321","20215","evidence of cow tracks going through. couldn't find the nest stick",NA,NA
"322","20216","No way to tell where nest cup was, sand around area smooth",NA,NA
"323","20217","Egg residue in cup forming hard bottom after it dried. egg shells 2 feet away at ghost crab hole",NA,NA
"324","20218","egg in cup failed, second egg likely hatched between 25 and 27 May","SN 1806271416, set 18 May, kicked over by cattle so fate of nest was not able to be determine by photo.",NA
"325","20219","Nest cup had cattle tracks nearby but no sign of damage to the cup or visible prints. No egg shells or residue left behind. Stick undisturbed",NA,NA
"326","20220","Bird flushed from nest, one egg had small hole in side perhaps from avian predator",NA,NA
"327","20221","6/1 - 0E, check cam","SN 1807040634, set 18 May, cam failed to take pictures",NA
"328","20222","coyote track lead directly up to nest",NA,NA
"329","20223","eggshell in cup, no prints noticable next to nest cup, possibly avian predator",NA,NA
"330","20224",NA,NA,NA
"331","20225","nest cup dug at",NA,NA
"332","20226","nest cup dug at",NA,NA
"333","20227",NA,NA,NA
"334","20228",NA,NA,NA
"335","20229","Nests destroyed by coyotes. Eggshells found nearby broken almost in half",NA,NA
"336","20230","1 egg floated at 23. didn't float the other two bc there was fractures. adults present broken winging. two chicks banded at hatch, one chick hatched post banding.",NA,NA
"337","20231","1 egg hatch, egg shell near nest but no chick, second egg failed and cold in cup",NA,NA
"338","20232","1 egg floated at 20-21 days",NA,NA
"339","20233",NA,NA,NA
"340","20234",NA,NA,NA
"341","20235",NA,NA,NA
"342","20236","6/1 - could not find nest or stick. one pair in area at a different nest (303). watched from afar and no other birds came to the area",NA,NA
"343","20237","6/1 - looked for egg shell or other signs of fate, tire tracks nearby might be old?",NA,NA
"344","20238","6/1 - could not find nest or stick, placed camera in area just in case. some birds in area diving at me","A = cam placed after nest wasn't there",NA
"345","20239","Nest marked as WIPL but was actually KILL",NA,NA
"346","20240","seen in person? Yes 5/28 - 2 chicks","where are these photos? Are they jonathon's? did he give me more photos?",NA
"347","20241",NA,NA,NA
"348","20242","first chick hatched on 27 MAy, banded in cup, other two chicks hatched theat evening or early the next morning and were all gone on the 28th",NA,NA
"349","20243","Egg shell near nest indicating hatch",NA,NA
"350","20244",NA,NA,NA
"351","20245",NA,NA,NA
"352","20246",NA,NA,NA
"353","20247","25 May- camera on nest","CAmera knocked over by cattle. Was this ever actually a nest? Or just an abandoned egg?",NA
"354","20248",NA,NA,NA
"355","20249","2 Chicks near cup on 13 Jun, Camera revealed hatch to be 12 June","12 Jun hatch day",NA
"356","20250","Appears to have hatched, poop in cup","where are these photos?",NA
"357","20251","why is field fate H? CAmera on nest","looking at pictures, unclear whether nest hatched or not. If so, then birds left area the day after - why?",NA
"358","20252","Poop in cup, evidence of hatch, parents exhibiting chick behavior",NA,NA
"359","20253","Camera on nest. did not float to avoid contact with eggs due to bad coyote predation in area","Camera knocked over, possibly by hogs",NA
"360","20254","Ran over by Blue F150, parents still at nest site when found",NA,NA
"361","20255","No chicks found, but parents exhibiting chick behavior and eggshells nearby","where are these photos?",NA
"362","20256","6/15 - 1 chick? Seen in field? Yes No stick or sign of birds as of 13 June","approx hatch date - see pics","lots of trail cam photo"
"363","20257","6/13 - 1 chick how old?",NA,NA
"364","20258","6/2 - 1 chick",NA,"chick cam afterward - on WD drive"
"365","20259","5/27 - 1 chick, 1 egg",NA,NA
"366","20260","why marked U-H? evidence?","why marked abandoned? was the bird seen on the nest after day 57?",NA
"367","20261","Stick and egg gone, possible egg shell in nest cup.",NA,NA
"368","20262","why marked H???","Camera fell over",NA
"369","20263","why H? what happened to my notes? Birds leave morning of 6/19? Unclear why, but J was there night of 6/18 and no sign of chicks on cam either","why did Jonathon think this one hatched? I don't see it","was it down to 1e because the other two hatched? Something happens night of 6/18 - can't tell what is in the camera flash. Birds check back the next morning and then leave"
"370","20264","why H? field evidence?","chick in photos on 6/28 - looks at least 2 days old",NA
"371","20265",NA,NA,NA
"372","20266","evidence of chicks? In 23 Jun photo, female holding egg shell. Then moving around a lot over next 3 days; appears to be brooding in one pic. But still 2E on 25 jun???? Is date on camera off?? One bad egg on 26 Jun","Maybe this nest came after mystery june nest on same cam? Veg in way blocking nest - rat or mouse comes to visit; why is this marked hatch? F appears to be brooding chicks 6/22. Bird flies in on 6/24 in one picture","can see the bird in the middle between the leaves sometimes on 20 Jun; by 21 Jun there is a branch in the way; then that morning the camera gets shifted to the left, bird out of frame; comes back in frame a couple of times, including holding egg shell on the 23rd?"
"373","20267","No sign of predation at nest, possible hatch.","Camera SD card was knock out of slot when being placed and failed to take picture",NA
"374","20268","One egg floated high out the water at an angle and was very light, likely dead. Abandoned, presumed due to vehicle and human",NA,NA
"375","20269","6/25 - 1 chick how old",NA,NA
"376","20270","Nest ran over by vehicle, crushed and dried eggs found",NA,NA
"377","20271","One egg left near nest, cattle prints where cup should be",NA,NA
"378","20272","Abandoned, possibly over 4th weej=kend. 1 egg cracked, chicks pretty much fully developed in eggs",NA,NA
"379","20273",NA,NA,NA
"380","20274","Two chicks banded in cup, third chick could be heard in egg",NA,NA
"381","20275","2 chicks hatched and banded in cup, 1 egg failed. egg was gone on the 17th","Two chicks hatched sucessfully, parents sat on last egg full day after first two chicks hatched then left",NA
"382","20276","1 Chick in nest, still wet, second egg unhatched 25 Jun. Both chicks hatched, banded on 7 July 2020. Band# 115289174 and 115289175. Chicks fledged 13 July",NA,NA
"383","20277","Failed unkonwn",NA,NA
"384","20278","Ants eating crushed dried egg",NA,NA
"385","20279","Ants eating crushed dried egg",NA,NA
"386","20280","Ants eating crushed dried egg",NA,NA
"387","20281","Camera, stick and eggs all gonewhen checked. fate unkown","Camera stolen",NA
"388","20282","four wheeler tracks over nes cup and stick",NA,NA
"389","20283","Washed away in storm surge on 22 Jun",NA,NA
"390","20284","Washed away in storm surge on 22 Jun",NA,NA
"391","20285","Washed away in storm surge on 22 Jun",NA,NA
"392","20286","Washed away in storm surge on 22 Jun",NA,NA
"393","20287","Washed away in storm surge on 22 Jun",NA,NA
"394","20288","Washed away in storm surge on 22 Jun",NA,NA
"395","20289","Washed away in storm surge on 22 Jun",NA,NA
"396","20290","Washed away in storm surge on 22 Jun",NA,NA
"397","20291","Possible bad egg. Washed away in storm surge on 22 Jun",NA,NA
"398","20292","Washed away in storm surge on 22 Jun",NA,NA
"399","20293","Washed away in storm surge on 22 Jun",NA,NA
"400","20294","Washed away in storm surge on 22 Jun",NA,NA
"401","20295","Washed away in storm surge on 22 Jun",NA,NA
"402","20296","Washed away in storm surge on 22 Jun",NA,NA
"403","20297","Washed away in storm surge on 22 Jun",NA,NA
"404","20298","Egg staring on Jun 30, succeful hatch of both chicks as of 2 July, 3July only one chick left. Chick still alive as of 5 July",NA,NA
"405","20299","1 egg abandoned in cup, cold and covered in sand 5 July","Camera stolen",NA
"406","20600",NA,NA,NA
"407","20601",NA,NA,NA
"408","20602",NA,NA,NA
"409","20603",NA,NA,NA
"410","20604",NA,NA,NA
"411","20300","5/29 - 1 chick, 1 egg","not tracked to fate - hatched when found",NA
"412","20301","any other observations in between? 6/11 - 1E getting eaten by ants. probably abandoned? and then attacked by ants? depredated and then attacked?","cam set 6/10; bird is there bobbing head on 6/12, but not on nest; cow steps in area on 6/12 night. cow steps on nest 6/14 - ?? After it was abandoned?",NA
"413","20302",NA,NA,NA
"414","20303",NA,NA,NA
"415","20304","6/9 - 1 chick how old?; needs stick","any photos after 6/5? If stick nest is 304, then cam placed ""30 jan"" at ""3:22am"" and bird is gone by 4 feb at 8:27am (something triggers cam at night). There is another folder of photos but bird is only in a couple, not incubating","??"
"416","20305","6/10 - 2 chicks - seen in field? Y; needs stick","no field pic?","extensive photos and videos of chicks, plus lots of field data"
"417","20306","Nests 306-314 failed due to either vehicle, coyote, or Tropical Storm Cristobal storm surge. Evidence of all three disturbance types on camera for colony in general. Any nests not lost to coyotes or vehicles in the days leading up to the storm were wiped out once the storm hit.","Camera over general colony captured coyote, vehicle and storm surge disturbance",NA
"418","20307","Nests 306-314 failed due to either vehicle, coyote, or Tropical Storm Cristobal storm surge. Evidence of all three disturbance types on camera for colony in general. Any nests not lost to coyotes or vehicles in the days leading up to the storm were wiped out once the storm hit.","Camera over general colony captured coyote, vehicle and storm surge disturbance",NA
"419","20308","Nests 306-314 failed due to either vehicle, coyote, or Tropical Storm Cristobal storm surge. Evidence of all three disturbance types on camera for colony in general. Any nests not lost to coyotes or vehicles in the days leading up to the storm were wiped out once the storm hit.","Camera over general colony captured coyote, vehicle and storm surge disturbance",NA
"420","20309","Nests 306-314 failed due to either vehicle, coyote, or Tropical Storm Cristobal storm surge. Evidence of all three disturbance types on camera for colony in general. Any nests not lost to coyotes or vehicles in the days leading up to the storm were wiped out once the storm hit.","Camera over general colony captured coyote, vehicle and storm surge disturbance",NA
"421","20310","Nests 306-314 failed due to either vehicle, coyote, or Tropical Storm Cristobal storm surge. Evidence of all three disturbance types on camera for colony in general. Any nests not lost to coyotes or vehicles in the days leading up to the storm were wiped out once the storm hit.","Camera over general colony captured coyote, vehicle and storm surge disturbance",NA
"422","20311","Nests 306-314 failed due to either vehicle, coyote, or Tropical Storm Cristobal storm surge. Evidence of all three disturbance types on camera for colony in general. Any nests not lost to coyotes or vehicles in the days leading up to the storm were wiped out once the storm hit.","Camera over general colony captured coyote, vehicle and storm surge disturbance",NA
"423","20312","Nests 306-314 failed due to either vehicle, coyote, or Tropical Storm Cristobal storm surge. Evidence of all three disturbance types on camera for colony in general. Any nests not lost to coyotes or vehicles in the days leading up to the storm were wiped out once the storm hit.","Camera over general colony captured coyote, vehicle and storm surge disturbance",NA
"424","20313","Nests 306-314 failed due to either vehicle, coyote, or Tropical Storm Cristobal storm surge. Evidence of all three disturbance types on camera for colony in general. Any nests not lost to coyotes or vehicles in the days leading up to the storm were wiped out once the storm hit.","Camera over general colony captured coyote, vehicle and storm surge disturbance",NA
"425","20314","Nests 306-314 failed due to either vehicle, coyote, or Tropical Storm Cristobal storm surge. Evidence of all three disturbance types on camera for colony in general. Any nests not lost to coyotes or vehicles in the days leading up to the storm were wiped out once the storm hit.","Camera over general colony captured coyote, vehicle and storm surge disturbance",NA
"426","20317","6/19 - 2 chicks how old? 1-2 days","where are these photos?","camera shifts downward by 6/11 but can see bird occasionally?"
"427","20318","6/27- 1 chick - seen in field? Y-6/24 ~4 days old","Y but what? Only 2 days of photos? (10-11 jun). Still know it hatched",NA
"428","20319","egg (pale) still there on 6/18; no sign of adults nearby",NA,NA
"429","20320",". on 6/24 does she have 1 or 2E??? 6/19 was marked 0E but I adjusted cam on 6/24 and yo ucan still see the white egg after. Nothing in notes/photos. 1 egg is a cracked shell with no contents but still sitting next to other egg - what happened to this nest, what/when was final fate?? i guess she was just incubating the dud egg?","lots of good video, but sad if she is incubating a dud.is still there when photos end on 6/12 - are there more photos somewhere? What about nest checks?","update: notes say card changed 6/15. more photos on extHD. M visits a lot on 6/18. white egg clearly visible, what about other? 6/24 adjusted cam; she's still there after. was this one floated? 6/26 she is no longer incubating :( scared off nest afternoon of 6/25 and doesn't return"
"430","20321","6/19 - 1 chick, 1 egg","changed cam fate from U to H",NA
"431","20322","was this one floated? 6/23 - stick trampled, eggs still there. 6/19 - possibly abandoned, bird not present and did not return while I was watching; camera stops abruptly but still had battery - unknown fate","changing date to 6/23 not 6/19; changing cam fate back to A. marking as F, not A. is the note supposed to be 6/19 or 6/9? Cam starts 11 jan 8am, ends 16 jan 3:47am? Don't see photos of me",NA
"432","20323","tagged female (118) tracked to nest location. very close to where she nested last year.","Video of nest getting eaten by snake - labelled 324. no pics after 6/14?","no pics after 6/18? Last upload says 6/23"
"433","20324","6/15 - 2E cracked, getting eaten by ants (SB has pics) check cam for fate","lots of cattle in area, close to nest - knocked over camera, presumably trampled nest ~11 hrs after camera placed",NA
"434","20350","6/18- may be abandoned; no sign of adults in area","no field pic?",NA
"435","20351","is this an actual nest? Assuming it was found on 6/18, when the others around that number were found. Only google photo is from 24","found photos, but not many. Year says 2019 but date doesn't line up for that (found 7/7/19) no field pic?","why is it called 351RD in GPS?"
"436","20352","removed asterisk from est HD changed est HD to 7/3 bc one egg might be bad*float was weird: one egg flat on bottom, one floating high with the tip above the water; camera pulled for July 4th by Jonathon - what was nest status?","IS THIS 352? MAYBE 355? camera was set too high but can still see female - she was there until just before I picked up the camera, but started to move around a bit - chicks probably","male also starts to visit more & birds are there until right before camera is removed. Added 0E on 3-Jul"
"437","20353",NA,NA,NA
"438","20354",NA,"has a stick",NA
"439","20355",NA,"I think 355 and 352 are swapped in the folders not sure if cam fate written down is correct - about 24hrs w/o photos, is that long enough? Definitely still eggs 6/19, what about 6/20 and 6/21? camera stopped picking up footage on 6/21; still had battery life when picked up; not knocked over; nest probably failed","what are the photos in the nest 355 folder? They go from 6/24 to 7/2. 356? 352?"
"440","20356","9 Jul - nest trampled, stick broken","6/26 - cattle knock over camera; camera re-set 6/27; stops recording 7/2 but takes pic 7/3 when I pick it up; INTENSE COW PHOTOS; camera re-set 7/7; cattle either crush nest or cause abandonment",NA
"441","20357","3 Jul - both eggs crushed","why did I think the camera was 357?",NA
"442","20358","in Gaia, says 15-jul changed card, 1 bad egg 1 chick","maybe chick nest is 358",NA
"443","20359","field fate??",NA,NA
"444","20360","HOW sure am I that it's 360? On 2-jul says it's prob abandoned bc i accidentally caught a female on it WHEN WAS IT FOUND field photo from 9 Jul shows 1 egg; photo from 15 Jul shows cattle disturbance? Was I in cameron to pick up the camera? Doesn't look like I was there 25 jul",NA,NA
"445","20361","7 Jul - 2E, tip over; 15 Jul - 2C, 4-5 days","chick in video on 19 Jul","on 13 Jul bird is moving like maybe chicks under her"
"446","20362","ALM VERT",NA,NA
"447","20364",NA,NA,NA
"448","20365","14 or 15 Jul - probably abandoned - left cam","THIS WAS 2019: thought cam was 360. starts 17-jul; re-set 19 jul after being knocked over; mist nets on 23 jul; bird still incubating 24 jul; cam knocked over again 24 jul and picked up 25 jul?","maybe dates on cam are off? So end would be 22/23 jul?"
"449","20366","do I have a photo of 366? - yes, multiple; 45+>45",NA,NA
"450","20367","1NQV1TO",NA,NA
"451","20368","BTH TO OL",NA,NA
"452","20369","HORIZ:,(",NA,NA
"453","20370","1E VERT","changed card on 7/16; wasn't sure if abandoned",NA
"454","20400","chick seen? how old was the chick on 7/7?","no photos after 6/27?",NA
"455","20401","No chicks near cup, highly upset parents, wings up on ground","cows in photos on 7/9?",NA
"456","20402","Chick in cup, assumed second chick nearby. ARound 2 daysold",NA,NA
"457","20403","Stick broken, nest gone, cattle tracks through area where cup was",NA,NA
"458","20404","Cracked egg next to nest area being eaten by ants. Stick crushed",NA,NA
"459","20405","No sign of failure. assumed hatched","Chicks hatched on 12 July.",NA
"460","20406","egg shell near nest indicates hatch","Pictures unclear as to what happened",NA
"461","20407","No signof predation or abandonment",NA,NA
"462","20408","Both chicks found dead in cup 7 hours after first check while putting out cameras","how old were chicks?",NA
"463","20409","Single egg left, ants in cup, egg covered in sand, possibly caused by cattle?",NA,NA
"464","20410","Single egg left in cup, poop in cup indicating hatch of second egg",NA,NA
"465","20411","Nest cup crushed with andts where eggs were. Vehicle tracks directly over nest cup",NA,NA
"466","20412","2 chicks in field photo 7/16 Eggs sechuduled to hatch 1-2 days before check. nest cup and surrounding area devestated by cattle track to the point of being almost unrecognizable.","pretty sure this didn't actually have a camera, but my photos contradict field fate given",NA
"467","20413","Did not float due to heavy coyote predation in area. Cam placed on nest - fate probably U?","Chicks hatched on 9 July. Early morning of 10 July, chicks eaten in cup by Crested Caracara",NA
"468","20414","Single egg sitting in cup for 2 weeks, followed to hatch date in case, but likely failed due to abandonment on over fourth of July weekend. Egg half buried in sand on 20 July",NA,NA
"469","20415","1 chick in cup one crushed egg in cup with fully developed chick. no cattle tracks on nest, perhaps crushed by catttle mouth while grazing","only one image showing possibly a cow walking by nest, but no confirmation for what crushed second egg; approx hatch date - look at pics","is this the nest on camera before nest 935 (2021)? That has many images of bird fighting off ghost crab night of 6/19; chick is moving around on 6/19. ALSO another nest in background"
"470","20416","No signs of predation, abandonment or other failure. Possible poop in cup",NA,NA
"471","20417",NA,NA,NA
"472","20418","Chicks near nest (how old?), Parents performingtail tuck andbroken wing",NA,NA
"473","20419","Did not float due to heavy coyote predation in area. Cam placed on nest - fate probably U?","Coyote on video eating eggs",NA
"474","20420","Peepeing and pecking from inside of eggs. BON July 25th",NA,NA
"475","20421","Eggshell near cup",NA,NA
"476","20422","7/20 - eggs or not? No bird on nest in rain, egg # down from 2 to 1 on nest to last check","unclear why birds left - incubating on 7/18, something triggered the camera that night and birds gone 7/19",NA
"477","20423","Coyote prints and scrapes at nest cup. Either hatched and were eaten or were eaten before hatch",NA,NA
"478","20424","why H? chicks seen?","condensation on camera on night of 7/16-morning of 7/17 makes it difficult to see what happened","hatch seems verey late"
"479","20425","Angry parents nearby, poop in cup.",NA,NA
"480","20426","Cattle track through nest",NA,NA
"481","20427","First egg to disappear must have failed or been depredated, chick in nest cup 6 days later from second egg (WAS CHICK 6 DAYS OLD?)",NA,NA
"482","20428","Second egg predated 14 Jul? possible abandonment after predation",NA,NA
"483","20429","Cattle tracks turned up the ground where nest cup was to the point that stick, cup, and eggs weren't able to be found",NA,NA
"484","20430","Did not float due to heavy coyote predation in area",NA,NA
"485","20431","Did not float due to heavy coyote predation in area",NA,NA
"486","20432","Cattle prints destroyed nest and surrounding area",NA,NA
"487","20433","Cattle prints destroyed nest and surrounding area","Blurry pictures due to moisture prevented pictures of what happened",NA
"488","20434","Coyote prints at nest cup",NA,NA
"489","20435","Cattle tracks through nest",NA,NA
"490","20436","Chick hatched in cup","hard to tell from photos - how old was chick found in nest?",NA
"491","20437","1 Egg recently depredated in nest cup. second egg may still be good. removed bad broken egg. Nest abandoned",NA,NA
"492","20438","Shell near nest WAS A CHICK FOUND?",NA,NA
"493","20439","Ghost crab hole directly in nest cup",NA,NA
"494","20440","Ghost crab hole directly in nest cup",NA,NA
"495","20441","cup and stick washed away after rain",NA,NA
"496","20442","Nest built in middle of high tide line. Nest likely washed out during regular tide, not stormsurge or rain as neither were significant  in the days between checks, and tide line was only ~2 feet further up beach than at previous check",NA,NA
"497","20443","Highly upset parents near nest WAS A CHICK FOUND",NA,NA
"498","20444","chick in cup with second egg in process of hatch",NA,NA
"499","20445","Chick wet in cup",NA,NA
"500","20446","Chick in cup",NA,NA
"501","20447","Chick in cup",NA,NA
"502","20448","Cattle tracks through nest cup",NA,NA
"503","20449","No chicks or sign of egg shells in cup. several other pairs of terns with chicks and eggs nearby so not clear if upset parents are for nest",NA,NA
"504","20450","Shell near cup, second egg was abandoned",NA,NA
"505","20451",NA,NA,NA
"506","20452","Two chicks in cup, one still wet",NA,NA
"507","20453","Poop in cup, 1egg left in cup, possibly still good?",NA,NA
"508","20454","No sign of eggs, chicks or parents anywhere in area after multiple checks on Jul 31st","CAmera filled up memory before fate",NA
"509","20455","Washed away in high tide during storm event",NA,NA
"510","20456","No eggs in cup, no obvious sign of reason",NA,NA
"511","20457",",Chick nearby, probably from nest",NA,NA
"512","20458","Poop in cup",NA,NA
"513","20459","Nest washed out during storm surge from hurricane Hannah",NA,NA
"514","20460","chick seen in field? Bird incubating a few feet away from nest cup on 25th","Chick immediately moved away from nest cup",NA
"515","20461","Nest washed out during storm surge from hurricane Hannah","camera evidence? Nest washed out during storm surge from hurricane Hannah",NA
"516","20462","Nest washed out during storm surge from hurricane Hannah",NA,NA
"517","20463","Nest washed out during storm surge from hurricane Hannah","camera evidence? Nest washed out during storm surge from hurricane Hannah",NA
"518","20464","Nest made below high tide wrack line. Nest washed out during storm surge from hurricane Hannah",NA,NA
"519","20465","Nest washed out during storm surge from hurricane Hannah","Cattle knocked camera over before storm surge or evidence of hatch. Camera picked up by locals",NA
"520","20466","eggs still in cup cold. no parental activity","Birds on nest after Camera set up and nest was marked but abandoned nest 2 days later and stopped getting pictures of parents. - cattle",NA
"521","2NA",NA,"nest is marked with a piece of driftwood in photos; female starts moving around on second day, looks like she's brooding",NA
"522","2total hatch",NA,NA,NA
"523","2NA",NA,NA,NA
"524","2NA","166 CONI and LETE nests from RUTH","hatch = split the difference","locations:"
"525","2NA","56 have cameras",NA,"WD-WesternDigital (mypassport)"
"526","2NA","5 (6?) have unknown fate, and one more does not have age",NA,"DB - Dropbox"
"527","2NA","no nest age",NA,"T - Toshiba"
"528","2NA","7 unknown became hatched",NA,"J-T - Jonathon folder on Toshiba"
"529","2NA","4 unknown became abandoned","Mysteries","J?? - does Jonathon have them?"
"530","2NA",NA,"cam 5 rutw may 15 to 22",NA
"531","2NA","also on dropbox: 314, 351, 360, 365, 370, 401, 413","nest marked with piece of driftwood - which nest? 30 jan  to 27 feb 2017. Is it in any of the individual nest photos? Or maybe it's one that says ""needs stick""?","something triggers camera night of 4 feb. MFDC1725 - MFDC2247;MFDC2248-MFDC295_ can't be 304 - found 304 pics and it was LETE, too"
"532","2NA","fuel nest goes til 22 jan 2017 mfdc0654.mov on toshiba, then til  10 feb 0911.mov on DB :(","unk cam from 2 jul to 16 jul - card marked 360, stick says 35_; changed to video on 7/15","nest 358"
"533","2NA","needs nest photo:","unknown cam 40_ 7-jul to 14-jul cows knocked overe stick","was this a chick cam? Doesn't line up with discovery or end dates of any 40- nests. Might be 402"
"534","2NA","jun 2025 - made sure hatch dates match field data","another mystery cam, 01 jan 2017 at 10pm to 09 jan at 8am; tall grass CONI; definitely 2020; looks like ROCK?","maybe 276? Veg looks similar"
"535","2NA",NA,"must be 266 nest 26-something: cam there from 5 jun to 23 jun CONI","nest 266"
"536","2NA",NA,"unknown CONI nest video starts 15 Jun at 19:17; stops on 18 Jun (batteries? Card?) labelled 360. Def still eggs on night of 17 Jun and morning of 19 jun","found a few more videos under ""365"", til 19 jun. Is date correct?"
"537","2NA",NA,"is nest 302 folder actually nest 302? Not marked as having camera.",NA
"538","2NA",NA,"same with 319?",NA
"539","2NA",NA,NA,NA
"540","2NA",NA,"322 comes after?","search MFDC8365 for what comes after mystery LETE nest (fell over) or 8332 for before"
"541","2NA",NA,NA,NA
"542","2NA",NA,NA,NA
"543","2NA",NA,NA,NA
"544","2NA",NA,NA,NA
"545","2NA",NA,NA,NA
"546","2NA",NA,NA,NA
"547","2NA",NA,NA,NA
"548","2NA",NA,NA,NA
"549","2NA",NA,NA,NA
"550","2NA",NA,NA,NA
"551","2NA",NA,NA,NA
"552","2NA",NA,NA,NA
"553","2NA",NA,NA,NA
"554","2NA",NA,NA,NA
"555","2NA",NA,NA,NA
"556","2NA",NA,NA,NA
"557","2NA",NA,NA,NA
"558","2NA",NA,NA,NA
"559","2NA",NA,NA,NA
"560","2NA",NA,NA,NA
"561","2NA",NA,NA,NA
"562","2NA",NA,NA,NA
"563","2NA",NA,NA,NA
"564","2NA",NA,NA,NA
"565","2NA",NA,NA,NA
"566","2NA",NA,NA,NA
"567","2NA",NA,NA,NA
"568","2NA",NA,NA,NA
"569","2NA",NA,NA,NA
"570","2NA",NA,NA,NA
"571","2NA",NA,NA,NA
"572","2NA",NA,NA,NA
"573","2NA",NA,NA,NA
"574","2NA",NA,NA,NA
"575","2NA",NA,NA,NA
"576","2NA",NA,NA,NA
"577","2NA",NA,NA,NA
"578","2NA",NA,NA,NA
"579","2NA",NA,NA,NA
"580","2NA",NA,NA,NA
"581","2NA",NA,NA,NA
"582","2NA",NA,NA,NA
"583","10001","24 Apr- 1 egg, 9d, 2 eggs 5d. 28-Apr: nest washed out, 1 egg looked like new nest, but floating showed >1 day old (probably washed out of nest) no stick or cup",NA,NA
"584","10002","evidence of coyote and GC in the area, but cannot define predator",NA,NA
"585","10003","22 Apr, 1 egg, 9d, 2 eggs at 5d. 30 Apr, nest empty, stick gone. Clear signs of storm surge with photo. ",NA,NA
"586","10004","24 Apr- 2 eggs, 5d. 28-Apr: nest washed out, 1 egg in wrack, no stick or nest cup",NA,NA
"587","10005","29 Apr- nest abandoned with 2 eggs abandoned due to cattle disturbance",NA,NA
"588","10006","24 May- KBB 2 chicks in nest, 1 egg starring. Banded the 2 chicks at nest, adults present.",NA,NA
"589","10007","KBB nest hatched May 18- female brooding chicks at nest scrape. Both adults observed at nest on hatch day.",NA,NA
"590","10008","24 May- KBB nest empty but adult behavior and 2C observed at 1-4 days of age. One chick was banded at the shoreline. Pretty confident this was a successful nest.",NA,NA
"591","10009","no eggs or adult behavior near nest scrape. Cattle tracks and ghost crabs present.",NA,NA
"592","10010","wondering about an avian predator? No adults giving signs of a hatch. No adult at nest on May 17.",NA,NA
"593","10011",NA,NA,NA
"594","10012",NA,NA,NA
"595","10013"," adults present, ""nesty"". could not find nest in veg",NA,NA
"596","10014","empty scrape, coyote and GC evidence around",NA,NA
"597","10015","empty scrape, coyote and GC evidence around",NA,NA
"598","10016","empty scrape, coyote and GC evidence around",NA,NA
"599","10017","13 May- area overwashed from recent storms 9-10 May, all known and marked nests lost",NA,NA
"600","10018","GC hole nearby, but unsure of predator type. the pair is scraping and preparing for a renest.",NA,NA
"601","10019","strong south winds and storms",NA,NA
"602","10020","strong south winds and storms",NA,NA
"603","10021",NA,NA,NA
"604","10022",NA,NA,NA
"605","10023",NA,NA,NA
"606","10024",NA,NA,NA
"607","10025",NA,NA,NA
"608","10026",NA,NA,NA
"609","10027",NA,NA,NA
"610","10028",NA,NA,NA
"611","10029",NA,NA,NA
"612","10030","trampled overnight by herd of cattle observed in fenced area on 13 May",NA,NA
"613","10031","trampled overnight by herd of cattle observed in fenced area on 13 May",NA,NA
"614","10032","trampled by cattle",NA,NA
"615","10033","trampled overnight by herd of cattle observed in fenced area on 13 May","changing 108 to this one based on timing. I was out there 9-May, 15-May, and 20-May, but then again was not there 14-May (on plane)","but also should be before 257, which started 5-15, and was on same card? Unless I changed the camera on 5-20?"
"616","10034","trampled overnight by herd of cattle observed in fenced area on 13 May",NA,NA
"617","10035","cattle disturbance on May 13; 5/23: stick knocked over",NA,NA
"618","10036",NA,NA,NA
"619","10037","trampled overnight by herd of cattle observed in fenced area on 13 May",NA,NA
"620","10038","5/23: SB found stick, nest has 3 trampled eggs",NA,NA
"621","10039",NA,NA,NA
"622","10040",NA,NA,NA
"623","10041",NA,NA,NA
"624","10042",NA,NA,NA
"625","10043","9-May loose egg spotted outside of nest scrape. Cattle tracks all around the area and no LETE activity here",NA,NA
"626","10044","cattle disturbance likely the cause of failure. Cattle tracks all around the nest scrape.",NA,NA
"627","10045","cattle disturbance likely the cause of failure. Cattle tracks all around the nest scrape.",NA,NA
"628","10046","nest placement was below wrack line. 8 May- constant south winds brought surge with storms approaching late May 9th into May 10th.",NA,NA
"629","10047","when was camera placed?/picked up?","bird was there until <1 hour before cam pulled on day 13 (1/2 3:11AM - 1/15 10:20AM)","not long enough to incubate, right? Also big time gap between ""1/13"" and ""1/15"" (last day) where cam never fires"
"630","10048","28 May- KBB adult above me. No nest stick or eggs. Possibly chick but heavy Memorial day traffic did a lot of damage to this area.","thought this was 047. unclear if hatched before ppl started a fire near it. Bird comes back regularly afterward and stays","seems like if had chick, would have gotten out of there and not come back"
"631","10049","28 May- likely failed from Memorial Day traffic",NA,NA
"632","10050","cattle disturbance likely the cause of failure. Cattle tracks all around the nest scrape.",NA,NA
"633","10051","empty scrape, unknown cause no evidence confirming cause of failure",NA,NA
"634","10052","empty scrape, unknown cause no evidence confirming cause of failure",NA,NA
"635","10053","cattle tracks all through the nest area",NA,NA
"636","10054","coyote tracks at the nest, pictures from 13May",NA,NA
"637","10055","coyote tracks at the nest, pictures from 13May",NA,NA
"638","10056","ghost crab hole at nest- pictures from 13 May",NA,NA
"639","10057","13 May- area overwashed from recent storms 9-10 May, all known and marked nests lost",NA,NA
"640","10058","13 May- area overwashed from recent storms 9-10 May, all known and marked nests lost",NA,NA
"641","10059","13 May- area overwashed from recent storms 9-10 May, all known and marked nests lost",NA,NA
"642","10060","13 May- area overwashed from recent storms 9-10 May, all known and marked nests lost",NA,NA
"643","10061","13 May- area overwashed from recent storms 9-10 May, all known and marked nests lost",NA,NA
"644","10062","13 May- area overwashed from recent storms 9-10 May, all known and marked nests lost",NA,NA
"645","10063","13 May- area overwashed from recent storms 9-10 May, all known and marked nests lost",NA,NA
"646","10064","nest placement was below wrack line. 8 May- constant south winds brought surge with storms approaching late May 9th into May 10th.",NA,NA
"647","10065","13 May- area overwashed from recent storms 9-10 May, all known and marked nests lost",NA,NA
"648","10066","13 May- area overwashed from recent storms 9-10 May, all known and marked nests lost",NA,NA
"649","10067","coyote tracks nearby but could have failed beforehand",NA,NA
"650","10068",NA,NA,NA
"651","10069",NA,NA,NA
"652","10070",NA,NA,NA
"653","10071","9 May- scrape empty. No tracks around. Photo. ",NA,NA
"654","10072","5/24 2 chicks HOW OLD","???","how sure am I that this is 72? Dates are wrong, can't see whole stick, and don't see chicks. K & j checked it the morning of day i took cam. J not mentioned in survey data"
"655","10073","agitated adults divebombing me; maybe hatched",NA,NA
"656","10074",NA,NA,NA
"657","10075","unhatched egg shell ofund nearby",NA,NA
"658","10076",NA,NA,NA
"659","10077",NA,NA,NA
"660","10078","one chick banded on 5/25. Family observed about 100-150m from nest",NA,NA
"661","10079","appeared the nest had survived the surge from recent storms between visits, and photos on 12 May show fresh coyote tracks through the nest. ",NA,NA
"662","10080","17 May nest empty and E5 banded female and her mate observed selecting a new nest site in a new location. Unknown predator- no tracks observed.",NA,NA
"663","10081","likely storm surge but nest was unable to be checked due to flooding. Could have been depredated between visits.",NA,NA
"664","10082","storms between visits brought storm surge, overwashing the entire beach. This nest was mid-beach in the impact area",NA,NA
"665","10083","storms between visits brought storm surge, overwashing the entire beach. This nest was mid-beach in the impact area",NA,NA
"666","10084","storms between visits brought storm surge, overwashing the entire beach. This nest was mid-beach in the impact area",NA,NA
"667","10085","storm surge from recent weather events 9-10 May",NA,NA
"668","10086","13 May- area overwashed from recent storms 9-10 May, all known and marked nests lost",NA,NA
"669","10087","28 May- KBB has photos of nest crushed by vehicle/ATV. egg shells",NA,NA
"670","10088","17 May- KBB added symbolic fencing but had to pull it due to the adult hovering and not returning to the nest. Nest is on the edge of the dirt road through the cattle field. empty nest scrape on May 24. unknown cause. ",NA,NA
"671","10089",NA,NA,NA
"672","10090","trampled by cattle",NA,NA
"673","10091","3 June- SB had loud screaming/diving but no chicks found",NA,NA
"674","10092","not tracked to fate",NA,NA
"675","10093","not tracked to fate",NA,NA
"676","10094","1E found, half buried; nest area underwater",NA,NA
"677","10095","nest area underwater; no eggs found - may have been predated first?",NA,NA
"678","10096","nest area underwater; no eggs found - may have been predated first?",NA,NA
"679","10097","nest area underwater; no eggs found - may have been predated first?",NA,NA
"680","10098","nest area underwater; no eggs found - may have been predated first?",NA,NA
"681","10099","nest area underwater; no eggs found - may have been predated first?",NA,NA
"682","10100","nest area underwater; no eggs found - may have been predated first?",NA,NA
"683","10101","6 June- adults nearby broken wing display indicating chicks nearby. KBB searched area and found another nest that was not known about with 2C, 1E about 130 feet from nest 101. So fate unknown.",NA,NA
"684","10102",NA,NA,NA
"685","10103","run over. nest was along edge of cattle road during Memorial Day weekend.",NA,NA
"686","10104",NA,NA,NA
"687","10105",NA,NA,NA
"688","10106","6/21 - remaining egg has shell stuck to it, floated above surface, angled. probably others hatched?",NA,NA
"689","10107","6/17- nest scrape was wet, no sign of feathers/shell fragments. adults were not extra frantic and no chicks seen in area",NA,NA
"690","10108","check if cam was deployed on 3 jun","what I thought was 231 is probablyy 108 based on where it appears to be located and the observation dates? But not sure dates match up. Cam was pulled 6/3/2019","I think that 108 is the 6s unknown nest based on where it is on the map. Cam recording from ""1/1"" to ""1/7"". Cows on ""1/6"" and cam shifted. folder marked '108' doesn't have 108 photos"
"691","10109",NA,NA,NA
"692","10110","ghost crab and cattle disturbance nearby, may also have been affected by garbage dumping/burning episode on Sunday June 2- SB",NA,NA
"693","10111","trampled by cattle- June 2",NA,NA
"694","10113","12 June- egg was starring on June 6th, must have been abandoned and found by ants while hatching.",NA,NA
"695","10114","KBB has photos of chick",NA,NA
"696","10115","6/17 - not checked due to cows in area that wanted to follow me/may have trampled nest",NA,NA
"697","10116","11 June- area overwashed from June 5th surge likely the cause of failure.",NA,NA
"698","10117",NA,NA,NA
"699","10118","high tides/storm surge from 6/17 morning storms",NA,NA
"700","10119","high tides/storm surge from 6/17 morning storms",NA,NA
"701","10120","27 june- predator tracks nearby but not leading to the nest. the scrape looks washed like it was hit hard with heavy rainfall. failed unk cause",NA,NA
"702","10121",NA,NA,NA
"703","10122","6/17- camera placed; 6/21- empty scrape, no signs of hatch/fail","camera too far to tell fate; was originally U/NA for fate/camfate but weknow it failed because of estimated hatch date","where are these photos?"
"704","10123","6/17 - not checked due to cows in area that wanted to follow me/may have trampled nest; 6/26 - lots of cattle disturbance in area, not found, maybe check back next time for chicks? prob failed from cattle",NA,NA
"705","10124","12 June nest is just outside the eastern end of fencing along the dirt road used by ATVs. 16 June, nest found empty. Predator?",NA,NA
"706","10125","6/21- found buried egg shell with hole punctured in it and dried up egg contents (picture)","bird never seen in photos…","did not see any avian predators, but lots of cattle which could have crushed egg?"
"707","10126","why Ca? changed to A","changed cam fate from A to Ca","update: bird seen in first few photos; probably cattle. maybe was never a nest? Bird never seen on nest in camera photos. Could be egg that washed out of nest or similar"
"708","10127","why H? no chicks seen in field?","tiny chick head visible in photo 6/27 (??); visible again 6/29 IS THIS THE ONE I THOUGHT WAS 324??","cam starts 10-jan 11:35pm; shrike?? On 18-jan"
"709","10128",NA,NA,NA
"710","10129",NA,NA,NA
"711","10130","22 June- ghost crab holes nearby. Maybe took an egg? 27 june- chick banded at nest by KBB",NA,NA
"712","10131",NA,NA,NA
"713","10132",NA,NA,NA
"714","10133",NA,NA,NA
"715","10134",NA,NA,NA
"716","10135","22 June- KBB photo of ghost crab hole and vehicle tracks at nest",NA,NA
"717","10136","10-July adults around the area but no chicks seen or observed with female.",NA,NA
"718","10137","5 July nest was down to one egg, no adult behavior indicating chicks nearby, thinking maybe picked off by a ghost crab? lots of holes around the area. depredated by crab, final egg abandoned",NA,NA
"719","10138","22 June- run over by vehicle",NA,NA
"720","10139",NA,NA,NA
"721","10140",NA,NA,NA
"722","10141",NA,NA,NA
"723","10142","failed; likely omit for nest model given long gap between nest checks.",NA,NA
"724","10143",NA,NA,NA
"725","10144",NA,NA,NA
"726","10145",NA,NA,NA
"727","10146",NA,NA,NA
"728","10147","10 July- baby chick poops in scrape indicating hatch. 2 small downy chicks observed from shoreline being fed just south of nest stick. Possibly from this nest. But it definitely hatched.",NA,NA
"729","10148",NA,NA,NA
"730","10149",NA,NA,NA
"731","10150","28 June attempted a box trap on nest, not a good method for this species.",NA,NA
"732","10151","not tracked due to logistics and storms",NA,NA
"733","10152",NA,NA,NA
"734","10153","8 Jul - attempted hand net and bow net capture. bird escaped bow net and method was not reattempted. SB has more detailed notes; 18 Jul one had started hatching, was being eaten by ants. removed that egg and bird came back to incubate",NA,NA
"735","10154","TS Barry storm surge- beach scoured and all nests and chicks lost.",NA,NA
"736","10155",NA,NA,NA
"737","10156",NA,NA,NA
"738","10157",NA,NA,NA
"739","10158",NA,NA,NA
"740","10159",NA,NA,NA
"741","10160",NA,NA,NA
"742","10161",NA,NA,NA
"743","10162",NA,NA,NA
"744","10163",NA,NA,NA
"745","10164",NA,NA,NA
"746","10165",NA,NA,NA
"747","10166","Barry storm impacts",NA,NA
"748","10167","Barry storm impacts",NA,NA
"749","10168","not tracked well enough for model?",NA,NA
"750","10169","not tracked well enough for model?",NA,NA
"751","10170","not tracked well enough for model?",NA,NA
"752","10171","not tracked well enough for model?",NA,NA
"753","10172","not tracked well enough for model?",NA,NA
"754","10173","not tracked well enough for model?",NA,NA
"755","10174","not tracked well enough for model?",NA,NA
"756","10175","7/25/19 - Female captured at nest and banded.",NA,NA
"757","10176","TS Barry storm surge- all nests and chicks lost",NA,NA
"758","10177","TS Barry storm surge- all nests and chicks lost",NA,NA
"759","10180","18 July- nest found with no adults present, but adults seen here on several surveys prior to TS Barry. The nest must have begun to hatch around the time of storm and was abandoned by adults? eggs dense with chicks but nest failed.",NA,NA
"760","10200","strong south winds and storms",NA,NA
"761","10201","25 April - heavy storm with strong south winds likely the cause of nest failure. No adults or eggs present. Could not find nest stick and area had been overwashed from surge.",NA,NA
"762","10202","photo evidence confirms a GC hole at nest scrape",NA,NA
"763","10203","5/29 stick knocked over; cattle disturbance in area; nest has been around since 5/3, still eggs on 5/24, maybe hatched maybe not; adults divebombing",NA,NA
"764","10205","evidence of coyote and GC at nest",NA,NA
"765","10206","24 May- piece of egg shell in nest with 1E. Angry adults around. Hatch?","could have been incubating the 1 remaining egg and i put cam on to see if it was abandoned or not. but means the others didn't hatch?? if this is cam 11, cam isn't placed until 24 may (but i don't have photos from that day?), then pics are blurry/white until 26 may, bird is incubating on 29 may to 1 jun, then cam picked up 2 jun","think it must be 206 bc there wasn't fence where 281 was. the dates are just a bit weird?bottle in photos seems to match field photo of 206 from 20-may, but bird is incubating way past est hatch. Also, I wasn't in field 5/24, so who placed cam? Unless there's another folder somewhere?"
"766","10207","cattle disturbance nearby",NA,NA
"767","10208","strong south winds and storms",NA,NA
"768","10209","15 May SB could not find nest or stick",NA,NA
"769","10210","nest has been around since 5/3, still eggs on 5/24, maybe hatched maybe not; update HATCHED per camera :)","originally said hatch was 5/26, but I see chicks in photo 5/24",NA
"770","10211","how old were chicks?","behind 256 or 257 (whichever it is) in group that got nailed by coyote?",NA
"771","10212",NA,NA,NA
"772","10213","vehicle/ATV tracks through the nest",NA,NA
"773","10214","no signs indicating cause of failure. photo shows no nest scrape on 5/3, but the stick is present.",NA,NA
"774","10215",NA,NA,NA
"775","10217","nest has been around since 5/3, still eggs on 5/24, maybe hatched maybe not",NA,NA
"776","10218","could not be located after May 15, fate unknown.",NA,NA
"777","10219","nest has been around since 5/3, still eggs on 5/24, maybe hatched maybe not",NA,NA
"778","10220",NA,NA,NA
"779","10223","SB placed camera 5/20","coyote","must have swapped out cam ?- first cam starts ""1/13"" at ""12:57am""  and ends on ""1/17"" at ""11:30am""; where are the photos from after 6/2? Never mind, 6/2 is end date; looks like cattle, not coyote? After 5/31 bird stops incubating"
"780","10224",NA,NA,NA
"781","10225","6 June- area flooded, not able to access this stretch. 3-4 day old chick seen on camera 6/6","looks like trampled by cow, but wasn't","6/7 coyote in pics chick 3-4d fleeing nest scrape just beforehand; 2-3d chick being fed 6/6"
"782","10226","5/29 - angry adults in area; also lots of disturbance - maybe run over?",NA,"is 223 behind 226? What is second set of photos? unclear from photos - cannot see bird"
"783","10227","6 June 1C 1d old, 1E, the egg is not viable",NA,NA
"784","10228","24 May- ghost crab hole and tracks at nest, as well as cattle tracks through the nest- KBB. unknown cause of failure.",NA,NA
"785","10229","no sign of chicks or adults in area; unclear from camera footage, maybe take another look","look @ MFDC5451.JPG 5/26 seems to be leaving nest a lot, unlike 210 which has babies - but could be due to when camera fires; cows galore on 6/27, then cam knocked over @ 6:14am","229 is behind 210 in the photos; 5/26- bird is still near stick; chick-like objects night before, changed posture, male visiting more"
"786","10230",NA,NA,NA
"787","10231","DATES AREN'T RIGHT IN FOLDER (29 may-21 jun). 6 June- check cam on nest for fate confirmation","this is 048: what happened to camera after 5/26 (if that is indeed nest 231)? Did those guys find it? Never mind, still there 5/27!! Feeding chick?? MFDC0148","5/30 cattle and coyote; 5/31 still seems to be incubating, that night more disturbance; bird returns on 6/1; night of 6/3 LOTS of cattle activity; not sure how much camera was moved by 6l--cattle but appears to be cause of failure and then camera just stays there"
"788","10232",NA,NA,"where did i see there was a cam?"
"789","10233",NA,"photos found?","notes say there was a cam"
"790","10234","12 June- check game camera for fate confimation; birds present early morning on 6/8, not present during middle of day or evening; night of 6/8 game camera knocked over by cattle; placed too far away to tell hatch or no","hard to tell from game camera - birds present at 9 am on 6/8 and then disappear by 10am, and then there are lots of cows in the area starting around 830 pm, then cam knocked over early morning","folder marked 234 prob isn't, bc cam was supposedly switched on 6/2"
"791","10235","adults divebombing, angry; no sign of chicks","bird in scrape 5/24, then camera knocked over","wait, I think ""234"" is actually 235. or it started on 235 and moved to 234?"
"792","10236","28 May- eggs floating vertical almost to surface. 12 June- SB and KBB approached an empty nest scrape. no chicks observed but angry adults present, and downy feathers in nest scrape confirming chicks in the scrape.",NA,NA
"793","10237","28 May- nest run over by vehicle, stick crushed as well.",NA,NA
"794","10238",NA,NA,NA
"795","10239","3 June- off the nest scrape but still nearby. some pinning of the primaries has begun but still small with an egg tooth. photos by KBB",NA,"changed k to hatch date"
"796","10240","9 May- SB deployed camera on nest. 15 May cattle disturbance. 24 May- egg shell fragment in cup, but otherwise empty KBB","I tihnk 240 and 241 are on the same camera based on cam photo of Katie, it's the ""too high"" one. I *think* this is the nest on camera 1, either that or 242/240 are switched","but this one was empty on 15 may?"
"797","10241","6/2 chick behavior; 9 May- SB deployed camera on nest. 2 June- KBB and SB observed adults throwing poop, hovering, aggressive indicating chicks. Check camera for more evidence. ","photos in multiple folderswhere are these photos? Cam 11? camera placed too far away to determine fate. Plus camera says placed on 9 may, not 24 may. And that nest looks like 206 with the bottle","or maybe not? Still incubating 5/31, 6/1 lady drives by but birds come back, pair is flapping a lot; coyote in area night of 6/2 but unclear if near nest"
"798","10242","9 May- SB deployed camera on nest. 15 May SB could not find; looks like something was digging in area around stick","reason to think 242 had a camera at all?? camera placed too far away to determine fate. Looks like placed on 5/9, but no photos taken? Then next placed on 5/17","is the mystery camera before 226/223 one of the ones placed 5/9? Must be (unknown 01). Coyote on night of 5/20 (did not see before?)"
"799","10245","5/29 - adults very agitated in area, fake brooding, circling; no starring yet 5/31- nest was lost to an afternoon storm that brought a surge which overwashed the nest. adults were observed selecting a new nest site and scraping. KBB",NA,NA
"800","10246",NA,NA,NA
"801","10247","5/29 tire tracks all through area, pieces of egg shell","I think the mystery nest is just 241 continued! must be mystery nest after 240/241 on cam 3, based on timing of field photos vs cam photos","lots of people in that are on night of 25 May - messing with nest? There for <10 minutes. Then more vehicles the next day. But bird is still coming back regularly on 28 May. Then coyote that night."
"802","10248","5/29 tire tracks through area but nest still there. 6/2 run over by vehicle. clear evidence with crushed bits of wooden nest stick, gooey egg yolk, and tire track through the nest",NA,NA
"803","10249","5/29 tire tracks through area (nest near 247). vehicle possibly on camera (from nest 241)",NA,NA
"804","10250",NA,NA,NA
"805","10251",NA,NA,NA
"806","10252","no starring yet but heard chicks inside 5/29, SB check for photo for chick age?",NA,NA
"807","10253",NA,NA,NA
"808","10254",NA,NA,NA
"809","10255","7 June- KBB had chick behavior, lots of diving and angry adults pooping in the area. Hatch likely before the storm hit on June 5.","did i write 255 in my notes instead of 355?",NA
"810","10256","camera placed 5/15","coyote","check out the ghost crab night of 5/29??"
"811","10257","camera placed 5/15 which other nests on cam? Should be 256, 257, 211","coyote; returns on 6/1","which ones are in these photos? Is it 256 or 257? On the map 257 is farther away/not in group"
"812","10258","camera placed 5/15","is probably barely visible behind the other nests, and probably faced same coyote attack","I don't think 258 is part of this group. Is it the mystery nest after 240/241 on cam 3? Except it says could not find and you can clearly see the stick in those photos on 29 May?"
"813","10260","3 June- 1E cold and wet ",NA,NA
"814","10261","3 June- 2E cold and wet",NA,NA
"815","10262","3 June- 1E cold and wet",NA,NA
"816","10263",NA,NA,NA
"817","10264",NA,NA,NA
"818","10265",NA,NA,NA
"819","10266","12 June- SB and KBB discovered nest empty but signs of hatch. Just east we found the adults with 2 young chicks and banded them. Nest hatched earlier than expected.",NA,NA
"820","10267","not tracked to fate. could not be relocated- bad coordinate",NA,NA
"821","10268","28 May- vehicle tracks everywhere in area. Could not locate stick.",NA,NA
"822","10269","6 June- chick in scrape 1d, 2E",NA,NA
"823","10270","3 June- poop in nest scrape, chick behavior by adults, very aggressive",NA,NA
"824","10271",NA,NA,NA
"825","10273","3 June- egg cold and wet in scrape",NA,NA
"826","10274","not sure what caused cracked egg - was the bird still incubating the cracked egg??","these photos were actually a continuation of 048. in the end, prob doesn't matter if this is 274 vs 275, 277, etc. All found on same day and observed failed on same day","I think this is the camera labeled ""too early for 329""; lots of human & cattle disturbance on the 27th; unclear which caused fate but ppl were there for a looong itme"
"827","10275","* 6/3 - near dumped flatscreen TV, probably abandoned; looked like nest scrape but no bird seen on nest either time I passed; stick was knocked over so hard to tell where original nest scrape was or if this was an egg knocked out of scrape. human-caused abandonment/nest failure.","was there a camera? Or did I just pick 274 and 275 bc of location?",NA
"828","10276",NA,NA,NA
"829","10277","nest observed on 26 May with no activity at nest. 28 May- KBB- nest was run over by vehicle",NA,NA
"830","10278","28 May- KBB observed human tracks leading up to nest. Must have occurred on May 27 (Memorial Day) because the nest was active on May 26 while stewarding. Someone may have entered the colony and approached nest stick.",NA,NA
"831","10279","28 May- nest was either trampled by vehicle holiday traffic or cattle",NA,NA
"832","10280",NA,NA,NA
"833","10281","6/3 SB could not find stick or scrape, tire tracks criss-crossing area",NA,NA
"834","10282","run over by vehicle",NA,NA
"835","10283",NA,NA,NA
"836","10284","one light and one dark egg. 3 June- pale egg did not hatch. chick looks older, 5-6d",NA,NA
"837","10285",NA,NA,NA
"838","10286","11 June- area overwashed from June 5th surge likely the cause of failure.",NA,NA
"839","10287",NA,NA,NA
"840","10288","6/16 - 1 chick, 1 egg","???","sure that this is correct nest? Where are chicks? Why does it go til 26 jun?"
"841","10289","6/4 camera footage of coyote","coyote",NA
"842","10290","11 Jun - could not find nest or stick",NA,NA
"843","10291","11 Jun - stick half buried by storm surge",NA,NA
"844","10292",NA,NA,NA
"845","10293","4 June- SB- could not find nest stick on wrack line; probably washed out",NA,NA
"846","10295","6/4 camera footage of coyote, stick dug up, evidence of digging around nest","camera confirmed visual evidence",NA
"847","10296","6/4 stick dug up, digging nearby; right near depredated nests",NA,NA
"848","10298","10 June- check camera set on nest for fate confirmation",NA,"empty 1 week before expected hatch - check cam for cause. Could be cattle (6/8) but also something triggers camera night of 6/7 (can't see anything at all in photos)"
"849","10299",NA,"photos of adults with fish at nest, and adult with a chick on june 19-20. camera determined nest fate.","fully mobile chick in photo HUNT0327 (6/20) maybe 3 days old?"
"850","10300",NA,NA,NA
"851","10301",NA,NA,NA
"852","10302","10 June- icon color in Gaia indicated this was a failed nest so did not check it",NA,NA
"853","10303","11 June- icon color in Gaia indicated this was a failed nest so did not check it",NA,NA
"854","10304",NA,NA,NA
"855","10305","10 June cattle traffic, no chick behavior from adults",NA,NA
"856","10306",NA,NA,NA
"857","10307",NA,"fate unclear from camera footage","camera was at a terrible angle - was active for roughly 2 days; starts 1/1 at 2:20; something triggers it the following night (1/2 @ 14:52) bird comes back but does not appear to continue incubating"
"858","10308","10 June- check camera set on nest for fate confirmation; fate from camera unclear","fate is unclear from camera footage","abandoned bc nothing triggered the camera between 6/3 and 6/9. can't see where nest is. There is one bird but very far from camera; that bird may still be there on jun 18/19?. Cows on first day but unclear how much disturbance"
"859","10309","11 Jun - stick half buried by storm surge",NA,NA
"860","10310","7/3 - 1 chick, 1 egg; camera placed 6/17","why were 310 and 311 in red in the original spreadsheet? Was I not sure they were the correct nests? Nest 310 is labeled in photo. Dates don't seem to match what's in my notebook. Unless the one egg w/ants is the one that didn't hatch?",NA
"861","10311","camera placed 6/21; chick ~5 days old found within 2ft of nest-WHAT DAY???",NA,NA
"862","10312","hatch day?",NA,NA
"863","10313","6/17 - probably abandoned, may have been abandoned when marked. egg floated very high, no sounds from within, no bird ever seen on nest. not sure when abandoned",NA,NA
"864","10314","28 June- nest was checked in morning by SB and had 3 eggs. Nest run over by vehicle a few hours later. Not sure how to treat this for the nest model? last check and failure occurred hours apart from each other- KBB",NA,NA
"865","10315","coyote tracks somewhat close by; nest in the middle of a line of ant nests? see photo",NA,NA
"866","10316",NA,NA,NA
"867","10317","camera placed 6/21","nothing in the folder???","notes say there was a cam"
"868","10318","1 July- one chick hatched and dry by the evening and SB banded it. KB went to nest early 2 July and saw the second chick emerge from egg. Likely completed hatch on July 2",NA,NA
"869","10319","6/30 - 2 chicks; camera placed 6/20",NA,NA
"870","10320",NA,NA,NA
"871","10321",NA,NA,"there is also a LETE nest marked 321 on RUTH with a camera on it - what is the deal?"
"872","10322","camera placed 6/21","in cam 226/223 album - was this one originally marked 321?",NA
"873","10323","camera placed 6/21;","chick on camera 7/5, walking, 2-3 days old (video); hatch was marked as 7/3",NA
"874","10324","camera placed 6/21; camera died 6/27, appears to have overheated (prolonged temps registered between 120 and 131 degrees F); nest had not hatched (egg visible in last photo)","camera appears to have overheated (see other notes)","maybe nest was marked ""334"" incorrectly in the field? WHICH NEST IF NOT 324this is not nest 324 - folder was mislabeled - 334"
"875","10325","camera placed 6/21","pulled cameras before July 4th weekend, then couldn't get back to area until 7/9","changed cam fate to abandoned based on hatch date - must have been incubating past viability of eggs?"
"876","10326","camera placed 6/21","same camera as 325",NA
"877","10327","camera placed 6/21","pulled cameras before July 4th weekend, then couldn't get back to area until 7/9",NA
"878","10328","chicks banded at nest on June 27th by KBB",NA,NA
"879","10329","left camera placed high during storm - check for fate","adult not seen on camera coming back to nest after storm starts (frequent photos during storm)","cam fate was originally marked ""W""; bird still on nest at 7:52 pm on 12 Jul; comes back briefly on 14 Jul at 140 pm; no flooding or surge seen, maybe got too windy?"
"880","10330","no signs of what happened/egg shells/anything",NA,NA
"881","10331","hatch day?",NA,NA
"882","10332",NA,"see photos in ""unknown holly nest""",NA
"883","10333",NA,"see photos in ""unknown holly nest""",NA
"884","10334","check field observations for fate?? site was marked as HBTO - briefly moved to RUTW but I think the nest 334 on RUTW is actually 324, mislabeled stick","25 Jun - M bringing fish; cam stops mid afternoon on 27 Jun",NA
"885","10335","hatch day?",NA,NA
"886","10336","7/2 egg shell found with what looks like a bite out of it (SB has pic)",NA,NA
"887","10337","why hatch??",NA,NA
"888","10338","not floated?? TS Barry","nest was still there 7/9; may have hatched before storm-check posture; was there a storm cam? Field notes say cam on 7/11-unless it means I pulled it that day","was camera pulled for 4th of july weekend? Pics stop on 7/4 in the one folder"
"889","10339","TS Barry","storm cam","cattle in area for hours on night of 7/13. hard to tell if bird was still incubating 7/13. was incubating evening of 7/12"
"890","10340",NA,"pulled camera before storm",NA
"891","10341","4 Jul - cattle disturbance, probably trampled, no egg shell found",NA,NA
"892","10342","4 Jul - tire tracks over nest, smashed egg shells found",NA,NA
"893","10343","9 Jul - hatched egg shell found a few inches from where nest was, male making clicking noises, female may have moved farther East but did not have time to look thoroughly",NA,NA
"894","10344","4 Jul - installed symbolic fencing (3 posts); 8 Jul - caught female with bow net and banded, tagged with VHF tag; bird did not return to nest for half an hour (or more?) after tagging; bird relocated at far end of site",NA,NA
"895","10345","8 Jul - attempted bow net, bird ran out too quickly and was not caught. SB has more detailed notes; 9 Jul - eggs covered in ants, one smells bad, but bird still incubating 18 July-nest had an egg shell with sand inside. Not sure what happened to this nest, but the eggs were weird before TS Barry.",NA,NA
"896","10346",NA,NA,NA
"897","10347",NA,"this was probably nest 047","dog disturbance ~3 hrs after cam placed; then cow that night; bird comes back to nest next day; still on nest 2 days later and the day after - mate brings fish; next day loads of cows around, bird still comes back to incubate, and next day, and next… and then bird is still there until right before I come to move cam and mark nest? maybe thtis isn't 347 - why does it say 0e on 7/3? nest pics confirm nest discovered 3/1"
"898","10348",NA,NA,NA
"899","10349",NA,NA,NA
"900","10350","almost certainly lost to storm surge",NA,NA
"901","10353","30 Jul - 2E being eaten by ants; eggs did not look abandoned on previous visit, and bird was seen on nest","were eggs already nonviable right after storm but bird kept incubating? bird there on 7/9 but then must have been gone 7/10? Why was cam pulled? Never mind found other photos - any after 7/19? Bird was still incubating so not abandoned at that point","bird still there on 19 Jul - are there any more photos? Did camera die?"
"902","10354","16 Jul cattle tracks all through area, looks like they stampeded through there :( could not find stick",NA,NA
"903","10355","17 Jul - placed camera; knocked over by cattle and disturbance in area","where?",NA
"904","10356","8 Jul - placed camera","birds return once after cows were in area and then again the next day (or were there the whole time and only on camera those times) According to camera, was pulled after 2 days (7/10) but still has egg 7/11?","bird is on eggs around sunset, then 5 hours later, cow comes through - when was camera pulled? Was there a storm cam?"
"905","10357","8 Jul - placed camera; * egg floated high and slanted, but had stuff stuck to it. probably actually rotten/abandoned","where is this camera footage?",NA
"906","10358","8 Jul - placed camera; 11 Jul found with hatched chick being eaten by ants :(","still counts as hatched if depredated after! need to decide when nest is considered ""successful"" - nest did hatch","may have found on toshiba"
"907","10359","TS Barry","non-storm cam also has some good footage","cow disturbance night of 7/11, bird is back 7/12, still there evening of 7/13, then cow - only there 10 mins, maybe not enough to scare her off; morning of 7/14 camera seems underwater? Or just fogged up? Then vehicle, cows, coyote"
"908","10360","17 Jul - placed camera","egg found trampled, not determined by camera","is this one with the 2020 nests? Yes"
"909","10370","7/25/19 - Nest discovered with 2 eggs, 14d and 3d. 3d egg likely non-viable. 31 Jul - 1E, cold, condensation, and stuck to sand. looked around for evidence of other egg hatching","changed from U-A to U-H, because what else could have happened to viable egg? Eaten? And they didn't eat the rotten one? Maybe",NA
"910","10371","8/3 - 1 chick, 1 egg; camera; mom and babies caught and mom given nanotag","""fuel nest"" - chicks on camera too","is this one with the 2020 nests?"
"911","10400",NA,NA,NA
"912","10401","31 May- adults throwing poop, no chicks seen in the immediate area. Seems to have hatched.",NA,NA
"913","10402",NA,NA,NA
"914","10403",NA,NA,NA
"915","10404","11 June- camera was on nest and observed the chicks in scrape, and a fiddler crab with large claw being fended off by adults",NA,NA
"916","10405","likely abandoned from the June 5 storm.",NA,NA
"917","10406","1 June- eggs hatched, 2C visible on camera. Early morning on June 2, a GHOW depredated the nest. Chicks were lost. KBB",NA,NA
"918","10407","6 June- eggs and rock washed out in this area from June 5 storm",NA,NA
"919","10408",NA,NA,NA
"920","10409",NA,NA,NA
"921","10410",NA,NA,NA
"922","10411","11 June- poop in scrape",NA,NA
"923","10412","likely hatched, but no direct evidence aside from a lot of angry adults overhead on June 4. KBB",NA,NA
"924","10413","nest has a game camera on video mode. check camera for hatch day confirmation. 18 June- 3 chicks hiding and being fed under the camera and shading in the cinder block. later footage shows mosquito control truck spraying chemicals and turning around in the immediate area. ",NA,NA
"925","10414","15 June- bushnell cam on nest. Camera footage shows bird on nest through June 23 thus far. Camera footage shows chick hatching at 9:24am on July 2nd. GHOW ate the chick and remaining egg around 4:45am on July 4th",NA,NA
"926","10415","15 June- exodus cam on nest. 17 June- camera shows nest submerged from storm from 4am-10:30am. Curious if this will impact hatch. 24 June- nest was submerged again from heavy rainfall and eggs were washed away. Photos confirm nest fate.",NA,NA
"927","10417","23 June- exodus camera deployed on nest 2 July- grackle at nest 5 July camera removed",NA,NA
"928","10418",NA,NA,NA
"929","12023-09-02 00:00:00",NA,NA,NA
"930","1107b","renest at 107 stick",NA,NA
"931","11001","nest not marked or floated (coyotes) but camera placed on 6/27; hatch was 6/28",NA,NA
"932","1HB-1","nests were not marked or floated bc of coyotes in area and infrequent site visits",NA,NA
"933","1HB-2","nests were not marked or floated bc of coyotes in area and infrequent site visits",NA,NA
"934","1HB-3","nests were not marked or floated bc of coyotes in area and infrequent site visits",NA,NA
"935","1HB-4","nests were not marked or floated bc of coyotes in area and infrequent site visits",NA,NA
"936","1HB-5","nests were not marked or floated bc of coyotes in area and infrequent site visits",NA,NA
"937","1HB-6","nests were not marked or floated bc of coyotes in area and infrequent site visits",NA,NA
"938","1HB-7","nests were not marked or floated bc of coyotes in area and infrequent site visits",NA,NA
"939","1HB-8","nests were not marked or floated bc of coyotes in area and infrequent site visits",NA,NA
"940","11002","nest not marked or floated (coyotes) but camera placed on 6/27",NA,"not sure which folder has these photots - might be ""holly beach maybe"""
"941","11003","nest not marked or floated (coyotes) but camera placed on 6/27; camera batteries died","camera batteries died",NA
"942","13211","field obs for 7/3?? camera placed 6/21; check cam for fate","pulled cameras before July 4th weekend, then couldn't get back to area until 7/9","folder labeled ""nest 231"""
"943","1KILL",NA,NA,NA
"944","1OYBA-1","on the dirt road through the restoration site",NA,NA
"945","1OYBA-10","not tracked to fate",NA,NA
"946","1OYBA-11","not tracked to fate",NA,NA
"947","1OYBA-12","not tracked to fate",NA,NA
"948","1OYBA-2","on the dirt road through the restoration site. not tracked to fate.",NA,NA
"949","1OYBA-3","on the dirt road through the restoration site",NA,NA
"950","1OYBA-4","on the dirt road through the restoration site",NA,NA
"951","1OYBA-5","on the dirt road through the restoration site",NA,NA
"952","1OYBA-6",NA,NA,NA
"953","1OYBA-7",NA,NA,NA
"954","1OYBA-8",NA,NA,NA
"955","1OYBA-9","not tracked to fate",NA,NA
"956","1WE-1",NA,NA,NA
"957","1WE-2",NA,NA,NA
"958","1WE-3",NA,NA,NA
"959","1WE-4","4 July- one egg washed out from nest",NA,NA
"960","1WE-5",NA,NA,NA
"961","1WE-6",NA,NA,NA
"962","1WE-7",NA,NA,NA
"963","1WE-8","10 July, egg floating high and angled at surface. Egg felt dense. TS Barry hit coast on July 13 so unable to check nest status",NA,NA
"964","1NA","3 May-adults circling, calling. could not find nest. check for chicks next time? 6 May- nest scrape empty and looks successful. Adults calling from pasture to the north. Not confirmed.",NA,NA
"965","1NA","not tracked for model- found nest with 1C, 1E",NA,NA
"966","1NA","found in the middle of hatching. not tracked.",NA,NA
"967","1NA",NA,NA,NA
"968","1NA","not tracking. found floating at 7d old before tropical storm Barry.",NA,NA
"969","1NA",NA,NA,NA
"970","1total hatch",NA,NA,NA
"971","1NA",NA,NA,NA
"972","1NA","192 nests total for CONI/LETE on RUTH","check field notes:","there is an unknown ""storm cam"" (6s) on dropbox"
"973","1NA","48 with cameras","334 - 30 jun",NA
"974","1NA","6 missing cam fate + 2 more missing age","338 - float info? Observation on 7/11?","other mysteries:"
"975","1NA","7 changed from U to H","325 236 3211 - 3 jul when cam pulled","17 to 20 May"
"976","1NA","1 (2?) changed from fail to hatch","did 338 or 356 have storm cam?",NA
"977","1NA","3 changed from U to F","which is cam 6s?",NA
"978","1NA","1 unknown","047 - when was cam deployed?",NA
"979","1NA",NA,NA,"july 2025 - moved some field photos from Dropbox/BNB/Pictures to 2019 field photos (29 may, 1-4 jun)"
"980","1NA","5 pulled, 3 knocked over, 1 overheated",NA,NA
"981","1NA","3 of those i still counted cam_fate",NA,NA
"982","1NA",NA,NA,NA
"983","1NA","NA_fate:",NA,NA
"984","1NA","324",NA,NA
